Garden Name,Address,City,Zip,Full Address,Operator,Website,Description,Image_URL,Source_URL,Manual_Review,Original Address,Original City,Original Full Address,Corrected Address,Corrected City,Corrected Full Address,Latitude,Longitude,Geocode Status,Verification Source URL,Review Notes
Evergreen Community Garden,40 Evergreen Ave.,Hartford,6105,"40 Evergreen Ave., Hartford, CT 06105",KNOX,https://knoxhartford.org/community-gardens/,"KNOX transforms vacant lots into edible, productive gardens to help address food insecurity in Hartford. This row is listed with KNOX as operator, so the KNOX community gardens page is the authoritative public source used.",https://knoxhartford.org/wp-content/uploads/2024/10/girl-and-woman-walking-through-a-garden-carrying-2023-11-27-05-09-39-utc-1024x683.jpg,https://knoxhartford.org/community-gardens/,No - operator umbrella page,40 Evergreen Ave.,Hartford,"40 Evergreen Ave., Hartford, CT 06105",40 Evergreen Ave.,Hartford,"40 Evergreen Ave., Hartford, CT 06105",41.7650789,-72.7089507,Previously Geocoded / Not Reviewed,,
West End Community Garden,165 Girard Ave.,Hartford,6105,"165 Girard Ave., Hartford, CT 06105",KNOX,https://knoxhartford.org/community-gardens/,"KNOX transforms vacant lots into edible, productive gardens to help address food insecurity in Hartford. This row is listed with KNOX as operator, so the KNOX community gardens page is the authoritative public source used.",https://knoxhartford.org/wp-content/uploads/2024/10/girl-and-woman-walking-through-a-garden-carrying-2023-11-27-05-09-39-utc-1024x683.jpg,https://knoxhartford.org/community-gardens/,No - operator umbrella page,165 Girard Ave.,Hartford,"165 Girard Ave., Hartford, CT 06105",165 Girard Ave.,Hartford,"165 Girard Ave., Hartford, CT 06105",41.7723016,-72.709117,Previously Geocoded / Not Reviewed,,
Battle Street Garden,80 Battles Street,Hartford,6120,"80 Battles Street, Hartford, CT 06120",KNOX,https://knoxhartford.org/community-gardens/,"KNOX transforms vacant lots into edible, productive gardens to help address food insecurity in Hartford. This row is listed with KNOX as operator, so the KNOX community gardens page is the authoritative public source used.",https://knoxhartford.org/wp-content/uploads/2024/10/girl-and-woman-walking-through-a-garden-carrying-2023-11-27-05-09-39-utc-1024x683.jpg,https://knoxhartford.org/community-gardens/,No - operator umbrella page,80 Battles Street,Hartford,"80 Battles Street, Hartford, CT 06120",80 Battles Street,Hartford,"80 Battles Street, Hartford, CT 06120",41.7835638,-72.6735586,Previously Geocoded / Not Reviewed,,
Niles Street Garden,17 Niles Street,Hartford,6105,"17 Niles Street, Hardford, CT 06105",KNOX Refugee,https://knoxhartford.org/community-gardens/,"KNOX transforms vacant lots into edible, productive gardens to help address food insecurity in Hartford. This row is listed with KNOX as operator, so the KNOX community gardens page is the authoritative public source used.",https://knoxhartford.org/wp-content/uploads/2024/10/girl-and-woman-walking-through-a-garden-carrying-2023-11-27-05-09-39-utc-1024x683.jpg,https://knoxhartford.org/community-gardens/,No - operator umbrella page,17 Niles Street,Hartford,"17 Niles Street, Hardford, CT 06105",17 Niles Street,Hartford,"17 Niles Street, Hartford, CT 06105",41.7694687,-72.6958829,Geocoded,https://nominatim.openstreetmap.org/search?q=17+Niles+Street%2C+Hartford%2C+CT+06105&format=jsonv2&limit=3&countrycodes=us,Corrected city spelling in Full Address from Hardford to Hartford; Nominatim returned an exact house result.
Hudson Street Community Garden,356 Hudson Street,Hartford,6106,"356 Hudson Street, Hartford, CT 06106",KNOX,https://knoxhartford.org/community-gardens/,"KNOX transforms vacant lots into edible, productive gardens to help address food insecurity in Hartford. This row is listed with KNOX as operator, so the KNOX community gardens page is the authoritative public source used.",https://knoxhartford.org/wp-content/uploads/2024/10/girl-and-woman-walking-through-a-garden-carrying-2023-11-27-05-09-39-utc-1024x683.jpg,https://knoxhartford.org/community-gardens/,No - operator umbrella page,356 Hudson Street,Hartford,"356 Hudson Street, Hartford, CT 06106",356 Hudson Street,Hartford,"356 Hudson Street, Hartford, CT 06106",41.7582427,-72.6781605,Previously Geocoded / Not Reviewed,,
Growing Roots Community Garden,Goodwin Street,East Hartford,6108,"Goodwin Street, East Hartford, CT 06108",Bakery on Main,https://bakeryonmain.com/,"Bakery on Main is the operator listed for this East Hartford garden row. The public website verifies the organization, but no garden-specific page was found.",Not Found,https://bakeryonmain.com/,Review - operator match only,Goodwin Street,East Hartford,"Goodwin Street, East Hartford, CT 06108",Goodwin Street,East Hartford,"Goodwin Street, East Hartford, CT 06108",41.7897243,-72.6294257,Previously Geocoded / Not Reviewed,,
West Hartford Community Garden,67 Buena Vista Road,West Hartford,6107,"67 Buena Vista Road, West Hartford, CT 06107",Unknown,Not Found,Not Found,Not Found,Not Found,Review - no verified public source found,67 Buena Vista Road,West Hartford,"67 Buena Vista Road, West Hartford, CT 06107",67 Buena Vista Road,West Hartford,"67 Buena Vista Road, West Hartford, CT 06107",41.7502,-72.7653245,Previously Geocoded / Not Reviewed,,
Hawthorn Gardens,45 Sigourney Street,Hartford,6105,"45 Sigourney Street, Hartford, CT 06105",KNOX,https://knoxhartford.org/community-gardens/,"KNOX transforms vacant lots into edible, productive gardens to help address food insecurity in Hartford. This row is listed with KNOX as operator, so the KNOX community gardens page is the authoritative public source used.",https://knoxhartford.org/wp-content/uploads/2024/10/girl-and-woman-walking-through-a-garden-carrying-2023-11-27-05-09-39-utc-1024x683.jpg,https://knoxhartford.org/community-gardens/,No - operator umbrella page,45 Sigourney Street,Hartford,"45 Sigourney Street, Hartford, CT 06105",45 Sigourney Street,Hartford,"45 Sigourney Street, Hartford, CT 06105",41.7647362,-72.693937,Previously Geocoded / Not Reviewed,,
Hartford Public High School,55 Huntington Steet,Hartford,6105,"55 Huntington Steet, Hartford, CT 06105",KNOX,https://knoxhartford.org/community-gardens/,"KNOX transforms vacant lots into edible, productive gardens to help address food insecurity in Hartford. This row is listed with KNOX as operator, so the KNOX community gardens page is the authoritative public source used.",https://knoxhartford.org/wp-content/uploads/2024/10/girl-and-woman-walking-through-a-garden-carrying-2023-11-27-05-09-39-utc-1024x683.jpg,https://knoxhartford.org/community-gardens/,No - operator umbrella page,55 Huntington Steet,Hartford,"55 Huntington Steet, Hartford, CT 06105",55 Forest Street,Hartford,"55 Forest Street, Hartford, CT 06105",41.7639962,-72.7023136,Geocoded,https://www.hartfordschools.org/o/hphs,"Corrected Hartford Public High School address from 55 Huntington Steet to the school address, 55 Forest Street; Nominatim returned Hartford Public High School."
Huntington Garden,31 Huntington Street,Hartford,6105,"31 Huntington Street, Hartford, CT 06105",KNOX,https://knoxhartford.org/community-gardens/,"KNOX transforms vacant lots into edible, productive gardens to help address food insecurity in Hartford. This row is listed with KNOX as operator, so the KNOX community gardens page is the authoritative public source used.",https://knoxhartford.org/wp-content/uploads/2024/10/girl-and-woman-walking-through-a-garden-carrying-2023-11-27-05-09-39-utc-1024x683.jpg,https://knoxhartford.org/community-gardens/,No - operator umbrella page,31 Huntington Street,Hartford,"31 Huntington Street, Hartford, CT 06105",31 Huntington Street,Hartford,"31 Huntington Street, Hartford, CT 06105",41.7709734,-72.6917414,Previously Geocoded / Not Reviewed,,
Sargeant Street Garden,256 Sargeant Street,Hartford,6105,"256 Sargeant Street, Hartford, CT 06105",KNOX,https://knoxhartford.org/community-gardens/,"KNOX transforms vacant lots into edible, productive gardens to help address food insecurity in Hartford. This row is listed with KNOX as operator, so the KNOX community gardens page is the authoritative public source used.",https://knoxhartford.org/wp-content/uploads/2024/10/girl-and-woman-walking-through-a-garden-carrying-2023-11-27-05-09-39-utc-1024x683.jpg,https://knoxhartford.org/community-gardens/,No - operator umbrella page,256 Sargeant Street,Hartford,"256 Sargeant Street, Hartford, CT 06105",256 Sargeant Street,Hartford,"256 Sargeant Street, Hartford, CT 06105",41.7765221,-72.6958162,Previously Geocoded / Not Reviewed,,
Watkinson Garden,50 Bloomfield Avenue,Hartford,6105,"50 Bloomfield Avenue, Hartford, CT 06105",KNOX,https://knoxhartford.org/community-gardens/,"KNOX transforms vacant lots into edible, productive gardens to help address food insecurity in Hartford. This row is listed with KNOX as operator, so the KNOX community gardens page is the authoritative public source used.",https://knoxhartford.org/wp-content/uploads/2024/10/girl-and-woman-walking-through-a-garden-carrying-2023-11-27-05-09-39-utc-1024x683.jpg,https://knoxhartford.org/community-gardens/,No - operator umbrella page,50 Bloomfield Avenue,Hartford,"50 Bloomfield Avenue, Hartford, CT 06105",50 Bloomfield Avenue,Hartford,"50 Bloomfield Avenue, Hartford, CT 06105",41.7887121,-72.7131376,Previously Geocoded / Not Reviewed,,
Affleck Garden,154 Afflex Street,Hartford,6106,"154 Afflex Street, Hartford, CT 06106",KNOX,https://knoxhartford.org/community-gardens/,"KNOX transforms vacant lots into edible, productive gardens to help address food insecurity in Hartford. This row is listed with KNOX as operator, so the KNOX community gardens page is the authoritative public source used.",https://knoxhartford.org/wp-content/uploads/2024/10/girl-and-woman-walking-through-a-garden-carrying-2023-11-27-05-09-39-utc-1024x683.jpg,https://knoxhartford.org/community-gardens/,No - operator umbrella page,154 Afflex Street,Hartford,"154 Afflex Street, Hartford, CT 06106",154 Affleck Street,Hartford,"154 Affleck Street, Hartford, CT 06106",41.7563818,-72.6892389,Geocoded,https://nominatim.openstreetmap.org/search?q=154+Affleck+Street%2C+Hartford%2C+CT+06106&format=jsonv2&limit=3&countrycodes=us,Corrected street spelling from Afflex to Affleck; Nominatim returned an exact house result.
Broad Street Garden,650 Broad Street,Hartford,6106,"650 Broad Street, Hartford, CT 06106",KNOX,https://knoxhartford.org/community-gardens/,"KNOX transforms vacant lots into edible, productive gardens to help address food insecurity in Hartford. This row is listed with KNOX as operator, so the KNOX community gardens page is the authoritative public source used.",https://knoxhartford.org/wp-content/uploads/2024/10/girl-and-woman-walking-through-a-garden-carrying-2023-11-27-05-09-39-utc-1024x683.jpg,https://knoxhartford.org/community-gardens/,No - operator umbrella page,650 Broad Street,Hartford,"650 Broad Street, Hartford, CT 06106",650 Broad Street,Hartford,"650 Broad Street, Hartford, CT 06106",41.7606012,-72.6868052,Previously Geocoded / Not Reviewed,,
Laurel Street Garden,75 Laurel Street,Hartford,6106,"75 Laurel Street, Hartford, CT 06106",KNOX,https://knoxhartford.org/community-gardens/,"KNOX transforms vacant lots into edible, productive gardens to help address food insecurity in Hartford. This row is listed with KNOX as operator, so the KNOX community gardens page is the authoritative public source used.",https://knoxhartford.org/wp-content/uploads/2024/10/girl-and-woman-walking-through-a-garden-carrying-2023-11-27-05-09-39-utc-1024x683.jpg,https://knoxhartford.org/community-gardens/,No - operator umbrella page,75 Laurel Street,Hartford,"75 Laurel Street, Hartford, CT 06106",75 Laurel Street,Hartford,"75 Laurel Street, Hartford, CT 06106",41.758933,-72.6966939,Previously Geocoded / Not Reviewed,,
Pope Park Garden,1000 Park Street,Hartford,6106,"1000 Park Street, Hartford, CT 06106",KNOX,https://knoxhartford.org/community-gardens/,"KNOX transforms vacant lots into edible, productive gardens to help address food insecurity in Hartford. This row is listed with KNOX as operator, so the KNOX community gardens page is the authoritative public source used.",https://knoxhartford.org/wp-content/uploads/2024/10/girl-and-woman-walking-through-a-garden-carrying-2023-11-27-05-09-39-utc-1024x683.jpg,https://knoxhartford.org/community-gardens/,No - operator umbrella page,1000 Park Street,Hartford,"1000 Park Street, Hartford, CT 06106",1000 Park Street,Hartford,"1000 Park Street, Hartford, CT 06106",41.758273,-72.694153,Previously Geocoded / Not Reviewed,,
Good Shepherd Garden,167 Wyllys Street,Hartford,6106,"167 Wyllys Street, Hartford, CT 06106",KNOX,https://knoxhartford.org/community-gardens/,"KNOX transforms vacant lots into edible, productive gardens to help address food insecurity in Hartford. This row is listed with KNOX as operator, so the KNOX community gardens page is the authoritative public source used.",https://knoxhartford.org/wp-content/uploads/2024/10/girl-and-woman-walking-through-a-garden-carrying-2023-11-27-05-09-39-utc-1024x683.jpg,https://knoxhartford.org/community-gardens/,No - operator umbrella page,167 Wyllys Street,Hartford,"167 Wyllys Street, Hartford, CT 06106",167 Wyllys Street,Hartford,"167 Wyllys Street, Hartford, CT 06106",41.756724,-72.6690106,Previously Geocoded / Not Reviewed,,
Dart Garden,240 Dart Street,Hartford,6106,"240 Dart Street, Hartford, CT 06106",KNOX,https://knoxhartford.org/community-gardens/,"KNOX transforms vacant lots into edible, productive gardens to help address food insecurity in Hartford. This row is listed with KNOX as operator, so the KNOX community gardens page is the authoritative public source used.",https://knoxhartford.org/wp-content/uploads/2024/10/girl-and-woman-walking-through-a-garden-carrying-2023-11-27-05-09-39-utc-1024x683.jpg,https://knoxhartford.org/community-gardens/,No - operator umbrella page,240 Dart Street,Hartford,"240 Dart Street, Hartford, CT 06106",240 Dart Street,Hartford,"240 Dart Street, Hartford, CT 06106",41.7359944,-72.7074783,Previously Geocoded / Not Reviewed,,
Winter Green Garden,9 Winter Street,Hartford,6120,"9 Winter Street, Hartford, CT 06120",KNOX,https://knoxhartford.org/community-gardens/,"KNOX transforms vacant lots into edible, productive gardens to help address food insecurity in Hartford. This row is listed with KNOX as operator, so the KNOX community gardens page is the authoritative public source used.",https://knoxhartford.org/wp-content/uploads/2024/10/girl-and-woman-walking-through-a-garden-carrying-2023-11-27-05-09-39-utc-1024x683.jpg,https://knoxhartford.org/community-gardens/,No - operator umbrella page,9 Winter Street,Hartford,"9 Winter Street, Hartford, CT 06120",9 Winter Street,Hartford,"9 Winter Street, Hartford, CT 06120",41.7788696,-72.6820018,Previously Geocoded / Not Reviewed,,
Enfield Street Garden,122 Enfield Street,Hartford,6112,"122 Enfield Street, Hartford, CT 06112",KNOX,https://knoxhartford.org/community-gardens/,"KNOX transforms vacant lots into edible, productive gardens to help address food insecurity in Hartford. This row is listed with KNOX as operator, so the KNOX community gardens page is the authoritative public source used.",https://knoxhartford.org/wp-content/uploads/2024/10/girl-and-woman-walking-through-a-garden-carrying-2023-11-27-05-09-39-utc-1024x683.jpg,https://knoxhartford.org/community-gardens/,No - operator umbrella page,122 Enfield Street,Hartford,"122 Enfield Street, Hartford, CT 06112",122 Enfield Street,Hartford,"122 Enfield Street, Hartford, CT 06112",41.784597,-72.6842915,Previously Geocoded / Not Reviewed,,
Mount Moriah Garden,151 Earle Street,Hartford,6120,"151 Earle Street, Hartford, CT 06120",KNOX,https://knoxhartford.org/community-gardens/,"KNOX transforms vacant lots into edible, productive gardens to help address food insecurity in Hartford. This row is listed with KNOX as operator, so the KNOX community gardens page is the authoritative public source used.",https://knoxhartford.org/wp-content/uploads/2024/10/girl-and-woman-walking-through-a-garden-carrying-2023-11-27-05-09-39-utc-1024x683.jpg,https://knoxhartford.org/community-gardens/,No - operator umbrella page,151 Earle Street,Hartford,"151 Earle Street, Hartford, CT 06120",151 Earle Street,Hartford,"151 Earle Street, Hartford, CT 06120",41.7919856,-72.6758682,Previously Geocoded / Not Reviewed,,
Cabot Street Garden,34 Cabot Street,Hartford,6112,"34 Cabot Street, Hartford, CT 06112",KNOX,https://knoxhartford.org/community-gardens/,"KNOX transforms vacant lots into edible, productive gardens to help address food insecurity in Hartford. This row is listed with KNOX as operator, so the KNOX community gardens page is the authoritative public source used.",https://knoxhartford.org/wp-content/uploads/2024/10/girl-and-woman-walking-through-a-garden-carrying-2023-11-27-05-09-39-utc-1024x683.jpg,https://knoxhartford.org/community-gardens/,No - operator umbrella page,34 Cabot Street,Hartford,"34 Cabot Street, Hartford, CT 06112",34 Cabot Street,Hartford,"34 Cabot Street, Hartford, CT 06112",41.7785069,-72.6932507,Previously Geocoded / Not Reviewed,,
CHS Community Garden,1 Elizabeth Street,Hartford,6105,"1 Elizabeth Street, Hartford, CT 06105",KNOX,https://knoxhartford.org/community-gardens/,"KNOX transforms vacant lots into edible, productive gardens to help address food insecurity in Hartford. This row is listed with KNOX as operator, so the KNOX community gardens page is the authoritative public source used.",https://knoxhartford.org/wp-content/uploads/2024/10/girl-and-woman-walking-through-a-garden-carrying-2023-11-27-05-09-39-utc-1024x683.jpg,https://knoxhartford.org/community-gardens/,No - operator umbrella page,1 Elizabeth Street,Hartford,"1 Elizabeth Street, Hartford, CT 06105",1 Elizabeth Street,Hartford,"1 Elizabeth Street, Hartford, CT 06105",41.7729679,-72.7050829,Previously Geocoded / Not Reviewed,,
Water-Oak Connecticut Community Garden,61 Echo Lake Road,Watertown,6795,"61 Echo Lake Road, Watertown, CT 06795",Unknown,Not Found,Not Found,Not Found,Not Found,Review - no verified public source found,61 Echo Lake Road,Watertown,"61 Echo Lake Road, Watertown, CT 06795",61 Echo Lake Road,Watertown,"61 Echo Lake Road, Watertown, CT 06795",41.6052102,-73.1153565,Previously Geocoded / Not Reviewed,,
Big Arctic Community Garden,122 Arctic Street,Bridgeport,6608,"122 Arctic Street, Bridgeport, CT 06608",Unknown,https://www.gogvi.org/communitygardens,Green Village Initiative works with community gardens that nourish Bridgeport neighborhoods. Its gardens support residents growing pesticide-free fresh vegetables and increasing access to fresh food.,http://static1.squarespace.com/static/58a4faf920099ed4ef78c0e1/t/6042603259ab3b7c70d0b53c/1614962743916/GVI_logo_2019.png?format=1500w,https://www.gogvi.org/communitygardens,Review - city/operator umbrella page,122 Arctic Street,Bridgeport,"122 Arctic Street, Bridgeport, CT 06608",122 Arctic Street,Bridgeport,"122 Arctic Street, Bridgeport, CT 06608",41.1892245,-73.1868058,Previously Geocoded / Not Reviewed,,
Little Arctic Community Garden,509 Arctic Street,Bridgeport,6608,"509 Arctic Street, Bridgeport, CT 06608",Unknown,https://www.gogvi.org/communitygardens,Green Village Initiative works with community gardens that nourish Bridgeport neighborhoods. Its gardens support residents growing pesticide-free fresh vegetables and increasing access to fresh food.,http://static1.squarespace.com/static/58a4faf920099ed4ef78c0e1/t/6042603259ab3b7c70d0b53c/1614962743916/GVI_logo_2019.png?format=1500w,https://www.gogvi.org/communitygardens,Review - city/operator umbrella page,509 Arctic Street,Bridgeport,"509 Arctic Street, Bridgeport, CT 06608",509 Arctic Street,Bridgeport,"509 Arctic Street, Bridgeport, CT 06608",41.1892916,-73.1797617,Previously Geocoded / Not Reviewed,,
Johnson Oak Park Community Garden,33 Hewitt Street,Bridgeport,6607,"33 Hewitt Street, Bridgeport, CT 06607",Unknown,https://www.gogvi.org/communitygardens,Green Village Initiative works with community gardens that nourish Bridgeport neighborhoods. Its gardens support residents growing pesticide-free fresh vegetables and increasing access to fresh food.,http://static1.squarespace.com/static/58a4faf920099ed4ef78c0e1/t/6042603259ab3b7c70d0b53c/1614962743916/GVI_logo_2019.png?format=1500w,https://www.gogvi.org/communitygardens,Review - city/operator umbrella page,33 Hewitt Street,Bridgeport,"33 Hewitt Street, Bridgeport, CT 06607",33 Hewitt Street,Bridgeport,"33 Hewitt Street, Bridgeport, CT 06607",41.1808686,-73.1599034,Previously Geocoded / Not Reviewed,,
Unknown,155 Denver Avenue,Bridgeport,6605,"155 Denver Avenue, Bridgeport, CT 06605",Unknown,Not Found,Not Found,Not Found,Not Found,Review - no verified public source found,155 Denver Avenue,Bridgeport,"155 Denver Avenue, Bridgeport, CT 06605",155 Denver Avenue,Bridgeport,"155 Denver Avenue, Bridgeport, CT 06605",41.1743064,-73.2127456,Previously Geocoded / Not Reviewed,,
Unknown,233 Wood Avenue,Bridgeport,6610,"233 Wood Avenue, Bridgeport, CT 06610",Unknown,Not Found,Not Found,Not Found,Not Found,Review - no verified public source found,233 Wood Avenue,Bridgeport,"233 Wood Avenue, Bridgeport, CT 06610",233 Wood Avenue,Bridgeport,"233 Wood Avenue, Bridgeport, CT 06610",41.1772094,-73.2052749,Previously Geocoded / Not Reviewed,,
Unknown,75 Ridge Avenue,Bridgeport,6604,"75 Ridge Avenue, Bridgeport, CT 06604",Unknown,Not Found,Not Found,Not Found,Not Found,Review - no verified public source found,75 Ridge Avenue,Bridgeport,"75 Ridge Avenue, Bridgeport, CT 06604",75 Ridge Avenue,Bridgeport,"75 Ridge Avenue, Bridgeport, CT 06604",41.1665737,-73.1966769,Previously Geocoded / Not Reviewed,,
Unknown,62 Pequonneck Street,Bridgeport,6604,"62 Pequonneck Street, Bridgeport, CT 06604",Unknown,Not Found,Not Found,Not Found,Not Found,Review - no verified public source found,62 Pequonneck Street,Bridgeport,"62 Pequonneck Street, Bridgeport, CT 06604",62 Pequonnock Street,Bridgeport,"62 Pequonnock Street, Bridgeport, CT 06604",41.1807752,-73.1961803,Geocoded,https://nominatim.openstreetmap.org/search?q=62+Pequonnock+Street%2C+Bridgeport%2C+CT+06604&format=jsonv2&limit=3&countrycodes=us,Corrected street spelling from Pequonneck to Pequonnock; Nominatim returned an exact house result.
Community Garden of Joy,576 Gregory  Street,Bridgeport,6604,"576 Gregory  Street, Bridgeport, CT 06604",Unknown,https://www.gogvi.org/communitygardens,Green Village Initiative works with community gardens that nourish Bridgeport neighborhoods. Its gardens support residents growing pesticide-free fresh vegetables and increasing access to fresh food.,http://static1.squarespace.com/static/58a4faf920099ed4ef78c0e1/t/6042603259ab3b7c70d0b53c/1614962743916/GVI_logo_2019.png?format=1500w,https://www.gogvi.org/communitygardens,Review - city/operator umbrella page,576 Gregory  Street,Bridgeport,"576 Gregory  Street, Bridgeport, CT 06604",576 Gregory  Street,Bridgeport,"576 Gregory  Street, Bridgeport, CT 06604",41.165722,-73.1970202,Previously Geocoded / Not Reviewed,,
Lindbergh Community Garden,90 Lindbergh Street,Bridgeport,6824,"90 Lindbergh Street, Bridgeport, CT 06824",Unknown,https://www.gogvi.org/communitygardens,Green Village Initiative works with community gardens that nourish Bridgeport neighborhoods. Its gardens support residents growing pesticide-free fresh vegetables and increasing access to fresh food.,http://static1.squarespace.com/static/58a4faf920099ed4ef78c0e1/t/6042603259ab3b7c70d0b53c/1614962743916/GVI_logo_2019.png?format=1500w,https://www.gogvi.org/communitygardens,Review - city/operator umbrella page,90 Lindbergh Street,Bridgeport,"90 Lindbergh Street, Bridgeport, CT 06824",90 Lindbergh Street,Bridgeport,"90 Lindbergh Street, Bridgeport, CT 06824",41.1390416,-73.2698243,Previously Geocoded / Not Reviewed,,
Unknown,142 Charles Street,Bridgeport,6606,"142 Charles Street, Bridgeport, CT 06606",Unknown,Not Found,Not Found,Not Found,Not Found,Review - no verified public source found,142 Charles Street,Bridgeport,"142 Charles Street, Bridgeport, CT 06606",142 Charles Street,Bridgeport,"142 Charles Street, Bridgeport, CT 06606",41.1953735,-73.1985962,Previously Geocoded / Not Reviewed,,
Green Village Initiatve,1469 Reservior Avenue,Bridgeport,6606,"1469 Reservior Avenue, Bridgeport, CT 06606",GVI,https://www.gogvi.org/communitygardens,Green Village Initiative works with community gardens that nourish Bridgeport neighborhoods. Its gardens support residents growing pesticide-free fresh vegetables and increasing access to fresh food.,http://static1.squarespace.com/static/58a4faf920099ed4ef78c0e1/t/6042603259ab3b7c70d0b53c/1614962743916/GVI_logo_2019.png?format=1500w,https://www.gogvi.org/communitygardens,Review - city/operator umbrella page,1469 Reservior Avenue,Bridgeport,"1469 Reservior Avenue, Bridgeport, CT 06606",1469 Reservoir Avenue,Bridgeport,"1469 Reservoir Avenue, Bridgeport, CT 06606",41.2203026,-73.193304,Geocoded,https://www.gogvi.org/communitygardens,Corrected street spelling from Reservior to Reservoir; Nominatim returned an exact house result. GVI public page used as organization context.
Unknown,617 Ogden Street,Bridgeport,6608,"617 Ogden Street, Bridgeport, CT 06608",Unknown,Not Found,Not Found,Not Found,Not Found,Review - no verified public source found,617 Ogden Street,Bridgeport,"617 Ogden Street, Bridgeport, CT 06608",617 Ogden Street,Bridgeport,"617 Ogden Street, Bridgeport, CT 06608",41.191494,-73.1775672,Previously Geocoded / Not Reviewed,,
Unknown,749 Hallett Street,Bridgeport,6606,"749 Hallett Street, Bridgeport, CT 06606",Unknown,Not Found,Not Found,Not Found,Not Found,Review - no verified public source found,749 Hallett Street,Bridgeport,"749 Hallett Street, Bridgeport, CT 06606",749 Hallett Street,Bridgeport,"749 Hallett Street, Bridgeport, CT 06606",41.1917302,-73.1754759,Previously Geocoded / Not Reviewed,,
Unknown,274 Hough Avenue,Bridgeport,6608,"274 Hough Avenue, Bridgeport, CT 06608",Unknown,Not Found,Not Found,Not Found,Not Found,Review - no verified public source found,274 Hough Avenue,Bridgeport,"274 Hough Avenue, Bridgeport, CT 06608",274 Hough Avenue,Bridgeport,"274 Hough Avenue, Bridgeport, CT 06608",41.1806179,-73.1770142,Previously Geocoded / Not Reviewed,,
Truman Street Community Garden,64  Truman Street,New Haven,6519,"64  Truman Street, New Haven, CT 06519",Gather,https://gathernewhaven.org/our-programs/community-gardens/,"Gather New Haven supports community gardens throughout New Haven that are cared for by neighborhood leaders and volunteers. The gardens grow food, host free public gatherings, and build community ties.",Not Found,https://gathernewhaven.org/our-programs/community-gardens/,No - operator umbrella page,64  Truman Street,New Haven,"64  Truman Street, New Haven, CT 06519",64  Truman Street,New Haven,"64  Truman Street, New Haven, CT 06519",41.2940946,-72.9401353,Previously Geocoded / Not Reviewed,,
Martin Luther King Community Garden,24 Adeline Street,New Haven,6519,"24 Adeline Street, New Haven, CT 06519",Gather,https://gathernewhaven.org/our-programs/community-gardens/,"Gather New Haven supports community gardens throughout New Haven that are cared for by neighborhood leaders and volunteers. The gardens grow food, host free public gatherings, and build community ties.",Not Found,https://gathernewhaven.org/our-programs/community-gardens/,No - operator umbrella page,24 Adeline Street,New Haven,"24 Adeline Street, New Haven, CT 06519",24 Adeline Street,New Haven,"24 Adeline Street, New Haven, CT 06519",41.2961719,-72.9404908,Previously Geocoded / Not Reviewed,,
Thomas Chapel Church Community Garden,69 White Street,New Haven,6519,"69 White Street, New Haven, CT 06519",Gather,https://gathernewhaven.org/our-programs/community-gardens/,"Gather New Haven supports community gardens throughout New Haven that are cared for by neighborhood leaders and volunteers. The gardens grow food, host free public gatherings, and build community ties.",Not Found,https://gathernewhaven.org/our-programs/community-gardens/,No - operator umbrella page,69 White Street,New Haven,"69 White Street, New Haven, CT 06519",69 White Street,New Haven,"69 White Street, New Haven, CT 06519",41.2993826,-72.9399075,Previously Geocoded / Not Reviewed,,
Amisted Community Garden,211 Rosette Street,New Haven,6519,"211 Rosette Street, New Haven, CT 06519",Gather,https://gathernewhaven.org/our-programs/community-gardens/,"Gather New Haven supports community gardens throughout New Haven that are cared for by neighborhood leaders and volunteers. The gardens grow food, host free public gatherings, and build community ties.",Not Found,https://gathernewhaven.org/our-programs/community-gardens/,No - operator umbrella page,211 Rosette Street,New Haven,"211 Rosette Street, New Haven, CT 06519",211 Rosette Street,New Haven,"211 Rosette Street, New Haven, CT 06519",41.2927082,-72.9390868,Previously Geocoded / Not Reviewed,,
Liberty Springside Community Garden,81 Springside Avenue,New Haven,6515,"81 Springside Avenue, New Haven, CT 06515",Gather,https://gathernewhaven.org/our-programs/community-gardens/,"Gather New Haven supports community gardens throughout New Haven that are cared for by neighborhood leaders and volunteers. The gardens grow food, host free public gatherings, and build community ties.",Not Found,https://gathernewhaven.org/our-programs/community-gardens/,No - operator umbrella page,81 Springside Avenue,New Haven,"81 Springside Avenue, New Haven, CT 06515",81 Springside Avenue,New Haven,"81 Springside Avenue, New Haven, CT 06515",41.331504,-72.9557795,Previously Geocoded / Not Reviewed,,
Elm City Montessori School Garden,495 Blake Street,New Haven,6515,"495 Blake Street, New Haven, CT 06515",Gather,https://gathernewhaven.org/our-programs/community-gardens/,"Gather New Haven supports community gardens throughout New Haven that are cared for by neighborhood leaders and volunteers. The gardens grow food, host free public gatherings, and build community ties.",Not Found,https://gathernewhaven.org/our-programs/community-gardens/,No - operator umbrella page,495 Blake Street,New Haven,"495 Blake Street, New Haven, CT 06515",495 Blake Street,New Haven,"495 Blake Street, New Haven, CT 06515",41.3282446,-72.9597234,Previously Geocoded / Not Reviewed,,
Chapel Street Community Garden,1592 Chapel Street,New Haven,6511,"1592 Chapel Street, New Haven, CT 06511",Gather,https://gathernewhaven.org/our-programs/community-gardens/,"Gather New Haven supports community gardens throughout New Haven that are cared for by neighborhood leaders and volunteers. The gardens grow food, host free public gatherings, and build community ties.",Not Found,https://gathernewhaven.org/our-programs/community-gardens/,No - operator umbrella page,1592 Chapel Street,New Haven,"1592 Chapel Street, New Haven, CT 06511",1592 Chapel Street,New Haven,"1592 Chapel Street, New Haven, CT 06511",41.3123106,-72.9495815,Previously Geocoded / Not Reviewed,,
Crawford Manor Community Garden,90 Park Street,New Haven,6511,"90 Park Street, New Haven, CT 06511",Gather,https://gathernewhaven.org/our-programs/community-gardens/,"Gather New Haven supports community gardens throughout New Haven that are cared for by neighborhood leaders and volunteers. The gardens grow food, host free public gatherings, and build community ties.",Not Found,https://gathernewhaven.org/our-programs/community-gardens/,No - operator umbrella page,90 Park Street,New Haven,"90 Park Street, New Haven, CT 06511",90 Park Street,New Haven,"90 Park Street, New Haven, CT 06511",41.3060434,-72.9355306,Previously Geocoded / Not Reviewed,,
La Casa Otonal Community Garden,21 Greenwood Street,New Haven,6519,"21 Greenwood Street, New Haven, CT 06519",Gather,https://gathernewhaven.org/our-programs/community-gardens/,"Gather New Haven supports community gardens throughout New Haven that are cared for by neighborhood leaders and volunteers. The gardens grow food, host free public gatherings, and build community ties.",Not Found,https://gathernewhaven.org/our-programs/community-gardens/,No - operator umbrella page,21 Greenwood Street,New Haven,"21 Greenwood Street, New Haven, CT 06519",21 Greenwood Street,New Haven,"21 Greenwood Street, New Haven, CT 06519",41.3048283,-72.9444028,Previously Geocoded / Not Reviewed,,
Field of Greens Community Garden,8 Arthur Street,New Haven,6519,"8 Arthur Street , New Haven, CT 06519",Gather,https://gathernewhaven.org/our-programs/community-gardens/,"Gather New Haven supports community gardens throughout New Haven that are cared for by neighborhood leaders and volunteers. The gardens grow food, host free public gatherings, and build community ties.",Not Found,https://gathernewhaven.org/our-programs/community-gardens/,No - operator umbrella page,8 Arthur Street,New Haven,"8 Arthur Street , New Haven, CT 06519",8 Arthur Street,New Haven,"8 Arthur Street , New Haven, CT 06519",41.2912461,-72.9352035,Previously Geocoded / Not Reviewed,,
Redfield Street Community Garden,36 Redfield Street,New Haven,6519,"36 Redfield Street, New Haven, CT 06519",Gather,https://gathernewhaven.org/our-programs/community-gardens/,"Gather New Haven supports community gardens throughout New Haven that are cared for by neighborhood leaders and volunteers. The gardens grow food, host free public gatherings, and build community ties.",Not Found,https://gathernewhaven.org/our-programs/community-gardens/,No - operator umbrella page,36 Redfield Street,New Haven,"36 Redfield Street, New Haven, CT 06519",36 Redfield Street,New Haven,"36 Redfield Street, New Haven, CT 06519",41.298504,-72.9406948,Previously Geocoded / Not Reviewed,,
Ann Street Community Garden,11 Ann Street,New Haven,6519,"11 Ann Street , New Haven, CT 06519",Gather,https://gathernewhaven.org/our-programs/community-gardens/,"Gather New Haven supports community gardens throughout New Haven that are cared for by neighborhood leaders and volunteers. The gardens grow food, host free public gatherings, and build community ties.",Not Found,https://gathernewhaven.org/our-programs/community-gardens/,No - operator umbrella page,11 Ann Street,New Haven,"11 Ann Street , New Haven, CT 06519",11 Ann Street,New Haven,"11 Ann Street , New Haven, CT 06519",41.300646,-72.941316,Previously Geocoded / Not Reviewed,,
Davenport Children's Garden,85 Ward Street,New Haven,6519,"85 Ward Street, New Haven, CT 06519",Gather,https://gathernewhaven.org/our-programs/community-gardens/,"Gather New Haven supports community gardens throughout New Haven that are cared for by neighborhood leaders and volunteers. The gardens grow food, host free public gatherings, and build community ties.",Not Found,https://gathernewhaven.org/our-programs/community-gardens/,No - operator umbrella page,85 Ward Street,New Haven,"85 Ward Street, New Haven, CT 06519",85 Ward Street,New Haven,"85 Ward Street, New Haven, CT 06519",41.3030571,-72.9384503,Previously Geocoded / Not Reviewed,,
Stevens Street Community Garden,47 Stevens Street,New Haven,6519,"47 Stevens Street, New Haven, CT 06519",Gather,https://gathernewhaven.org/our-programs/community-gardens/,"Gather New Haven supports community gardens throughout New Haven that are cared for by neighborhood leaders and volunteers. The gardens grow food, host free public gatherings, and build community ties.",Not Found,https://gathernewhaven.org/our-programs/community-gardens/,No - operator umbrella page,47 Stevens Street,New Haven,"47 Stevens Street, New Haven, CT 06519",47 Stevens Street,New Haven,"47 Stevens Street, New Haven, CT 06519",41.3028811,-72.9431275,Previously Geocoded / Not Reviewed,,
Hill North Community Garden,54 Sylvan Avenue,New Haven,6519,"54 Sylvan Avenue, New Haven, CT 06519",Gather,https://gathernewhaven.org/our-programs/community-gardens/,"Gather New Haven supports community gardens throughout New Haven that are cared for by neighborhood leaders and volunteers. The gardens grow food, host free public gatherings, and build community ties.",Not Found,https://gathernewhaven.org/our-programs/community-gardens/,No - operator umbrella page,54 Sylvan Avenue,New Haven,"54 Sylvan Avenue, New Haven, CT 06519",54 Sylvan Avenue,New Haven,"54 Sylvan Avenue, New Haven, CT 06519",41.3043958,-72.940271,Previously Geocoded / Not Reviewed,,
Fairhaven Library Garden,182 Grand Avenue,New Haven,6513,"182 Grand Avenue, New Haven, CT 06513",Gather,https://gathernewhaven.org/our-programs/community-gardens/,"Gather New Haven supports community gardens throughout New Haven that are cared for by neighborhood leaders and volunteers. The gardens grow food, host free public gatherings, and build community ties.",Not Found,https://gathernewhaven.org/our-programs/community-gardens/,No - operator umbrella page,182 Grand Avenue,New Haven,"182 Grand Avenue, New Haven, CT 06513",182 Grand Avenue,New Haven,"182 Grand Avenue, New Haven, CT 06513",41.3087548,-72.894257,Previously Geocoded / Not Reviewed,,
Chapel Seed Community Garden,1592 Chapel Street,New Haven,6511,"1592 Chapel Street, New Haven, CT 06511",Gather,https://gathernewhaven.org/our-programs/community-gardens/,"Gather New Haven supports community gardens throughout New Haven that are cared for by neighborhood leaders and volunteers. The gardens grow food, host free public gatherings, and build community ties.",Not Found,https://gathernewhaven.org/our-programs/community-gardens/,No - operator umbrella page,1592 Chapel Street,New Haven,"1592 Chapel Street, New Haven, CT 06511",1592 Chapel Street,New Haven,"1592 Chapel Street, New Haven, CT 06511",41.3123106,-72.9495815,Previously Geocoded / Not Reviewed,,
Armory Community Garden,290 Goffe Street,New Haven,6511,"290 Goffe Street, New Haven, CT 06511",Gather,https://gathernewhaven.org/our-programs/community-gardens/,"Gather New Haven supports community gardens throughout New Haven that are cared for by neighborhood leaders and volunteers. The gardens grow food, host free public gatherings, and build community ties.",Not Found,https://gathernewhaven.org/our-programs/community-gardens/,No - operator umbrella page,290 Goffe Street,New Haven,"290 Goffe Street, New Haven, CT 06511",290 Goffe Street,New Haven,"290 Goffe Street, New Haven, CT 06511",41.3183446,-72.9393835,Previously Geocoded / Not Reviewed,,
Bristol Street Community Garden,117 Bristol Street,New Haven,6511,"117 Bristol Street, New Haven, CT 06511",Gather,https://gathernewhaven.org/our-programs/community-gardens/,"Gather New Haven supports community gardens throughout New Haven that are cared for by neighborhood leaders and volunteers. The gardens grow food, host free public gatherings, and build community ties.",Not Found,https://gathernewhaven.org/our-programs/community-gardens/,No - operator umbrella page,117 Bristol Street,New Haven,"117 Bristol Street, New Haven, CT 06511",117 Bristol Street,New Haven,"117 Bristol Street, New Haven, CT 06511",41.3156509,-72.9320188,Previously Geocoded / Not Reviewed,,
Bioregional Garden,608 Whitney Avenue,New Haven,6511,"608 Whitney Avenue, New Haven, CT 06511",Gather,https://gathernewhaven.org/our-programs/community-gardens/,"Gather New Haven supports community gardens throughout New Haven that are cared for by neighborhood leaders and volunteers. The gardens grow food, host free public gatherings, and build community ties.",Not Found,https://gathernewhaven.org/our-programs/community-gardens/,No - operator umbrella page,608 Whitney Avenue,New Haven,"608 Whitney Avenue, New Haven, CT 06511",608 Whitney Avenue,New Haven,"608 Whitney Avenue, New Haven, CT 06511",41.3272619,-72.9157345,Previously Geocoded / Not Reviewed,,
Goatville Community Garden,18 Nash Street,New Haven,6511,"18 Nash Street, New Haven, CT 06511",Gather,https://gathernewhaven.org/our-programs/community-gardens/,"Gather New Haven supports community gardens throughout New Haven that are cared for by neighborhood leaders and volunteers. The gardens grow food, host free public gatherings, and build community ties.",Not Found,https://gathernewhaven.org/our-programs/community-gardens/,No - operator umbrella page,18 Nash Street,New Haven,"18 Nash Street, New Haven, CT 06511",18 Nash Street,New Haven,"18 Nash Street, New Haven, CT 06511",41.3166565,-72.9101691,Previously Geocoded / Not Reviewed,,
Stallworth Community Garden,358 Blatchley Avenue,New Haven,6513,"358 Blatchley Avenue, New Haven, CT 06513",Gather,https://gathernewhaven.org/our-programs/community-gardens/,"Gather New Haven supports community gardens throughout New Haven that are cared for by neighborhood leaders and volunteers. The gardens grow food, host free public gatherings, and build community ties.",Not Found,https://gathernewhaven.org/our-programs/community-gardens/,No - operator umbrella page,358 Blatchley Avenue,New Haven,"358 Blatchley Avenue, New Haven, CT 06513",358 Blatchley Avenue,New Haven,"358 Blatchley Avenue, New Haven, CT 06513",41.3122083,-72.9001724,Previously Geocoded / Not Reviewed,,
Grand Acres Community Garden,47 Grand Avenue,New Haven,6513,"47 Grand Avenue, New Haven, CT 06513",Gather,https://gathernewhaven.org/our-programs/community-gardens/,"Gather New Haven supports community gardens throughout New Haven that are cared for by neighborhood leaders and volunteers. The gardens grow food, host free public gatherings, and build community ties.",Not Found,https://gathernewhaven.org/our-programs/community-gardens/,No - operator umbrella page,47 Grand Avenue,New Haven,"47 Grand Avenue, New Haven, CT 06513",47 Grand Avenue,New Haven,"47 Grand Avenue, New Haven, CT 06513",41.3096225,-72.8894544,Previously Geocoded / Not Reviewed,,
Garden in the Park,75 Cliff Street,New Haven,6513,"75 Cliff Street, New Haven, CT 06513",Gather,https://gathernewhaven.org/our-programs/community-gardens/,"Gather New Haven supports community gardens throughout New Haven that are cared for by neighborhood leaders and volunteers. The gardens grow food, host free public gatherings, and build community ties.",Not Found,https://gathernewhaven.org/our-programs/community-gardens/,No - operator umbrella page,75 Cliff Street,New Haven,"75 Cliff Street, New Haven, CT 06513",75 Cliff Street,New Haven,"75 Cliff Street, New Haven, CT 06513",41.3331154,-72.9156077,Previously Geocoded / Not Reviewed,,
Bella Vista Community Garden,339 Eastern Street,New Haven,6513,"339 Eastern Street, New Haven, CT 06513",Gather,https://gathernewhaven.org/our-programs/community-gardens/,"Gather New Haven supports community gardens throughout New Haven that are cared for by neighborhood leaders and volunteers. The gardens grow food, host free public gatherings, and build community ties.",Not Found,https://gathernewhaven.org/our-programs/community-gardens/,No - operator umbrella page,339 Eastern Street,New Haven,"339 Eastern Street, New Haven, CT 06513",339 Eastern Street,New Haven,"339 Eastern Street, New Haven, CT 06513",41.3157752,-72.8719149,Previously Geocoded / Not Reviewed,,
Wintchester Community Garden,2 Webster Street,New Haven,6511,"2 Webster Street , New Haven, CT 06511",Gather,https://gathernewhaven.org/our-programs/community-gardens/,"Gather New Haven supports community gardens throughout New Haven that are cared for by neighborhood leaders and volunteers. The gardens grow food, host free public gatherings, and build community ties.",Not Found,https://gathernewhaven.org/our-programs/community-gardens/,No - operator umbrella page,2 Webster Street,New Haven,"2 Webster Street , New Haven, CT 06511",2 Webster Street,New Haven,"2 Webster Street , New Haven, CT 06511",41.3176376,-72.9277376,Previously Geocoded / Not Reviewed,,
Wooster Square Community Garden,570 Chapel Street,New Haven,6511,"570 Chapel Street, New Haven, CT 06511",Gather,https://gathernewhaven.org/our-programs/community-gardens/,"Gather New Haven supports community gardens throughout New Haven that are cared for by neighborhood leaders and volunteers. The gardens grow food, host free public gatherings, and build community ties.",Not Found,https://gathernewhaven.org/our-programs/community-gardens/,No - operator umbrella page,570 Chapel Street,New Haven,"570 Chapel Street, New Haven, CT 06511",570 Chapel Street,New Haven,"570 Chapel Street, New Haven, CT 06511",41.303718,-72.918231,Previously Geocoded / Not Reviewed,,
Shelter and Clay Street Community Garden,42 Shelton Avenue,New Haven,6513,"42 Shelton Avenue, New Haven, CT 06513",Gather,https://gathernewhaven.org/our-programs/community-gardens/,"Gather New Haven supports community gardens throughout New Haven that are cared for by neighborhood leaders and volunteers. The gardens grow food, host free public gatherings, and build community ties.",Not Found,https://gathernewhaven.org/our-programs/community-gardens/,No - operator umbrella page,42 Shelton Avenue,New Haven,"42 Shelton Avenue, New Haven, CT 06513",42 Shelton Avenue,New Haven,"42 Shelton Avenue, New Haven, CT 06513",41.3235684,-72.9345091,Previously Geocoded / Not Reviewed,,
Fairmont Heights Community Garden,70 Fairmont Avenue,New Haven,6513,"70 Fairmont Avenue, New Haven, CT 06513",Gather,https://gathernewhaven.org/our-programs/community-gardens/,"Gather New Haven supports community gardens throughout New Haven that are cared for by neighborhood leaders and volunteers. The gardens grow food, host free public gatherings, and build community ties.",Not Found,https://gathernewhaven.org/our-programs/community-gardens/,No - operator umbrella page,70 Fairmont Avenue,New Haven,"70 Fairmont Avenue, New Haven, CT 06513",70 Fairmont Avenue,New Haven,"70 Fairmont Avenue, New Haven, CT 06513",41.2951451,-72.8937839,Previously Geocoded / Not Reviewed,,
William Street Community Garden,56 William Street,New Haven,6511,"56 William Street, New Haven, CT 06511",Gather,https://gathernewhaven.org/our-programs/community-gardens/,"Gather New Haven supports community gardens throughout New Haven that are cared for by neighborhood leaders and volunteers. The gardens grow food, host free public gatherings, and build community ties.",Not Found,https://gathernewhaven.org/our-programs/community-gardens/,No - operator umbrella page,56 William Street,New Haven,"56 William Street, New Haven, CT 06511",56 William Street,New Haven,"56 William Street, New Haven, CT 06511",41.3095498,-72.916156,Previously Geocoded / Not Reviewed,,
Hazel Street Community Garden,221 Shelton Avenue,New Haven,6511,"221 Shelton Avenue, New Haven, CT 06511",Gather,https://gathernewhaven.org/our-programs/community-gardens/,"Gather New Haven supports community gardens throughout New Haven that are cared for by neighborhood leaders and volunteers. The gardens grow food, host free public gatherings, and build community ties.",Not Found,https://gathernewhaven.org/our-programs/community-gardens/,No - operator umbrella page,221 Shelton Avenue,New Haven,"221 Shelton Avenue, New Haven, CT 06511",221 Shelton Avenue,New Haven,"221 Shelton Avenue, New Haven, CT 06511",41.328747,-72.932197,Previously Geocoded / Not Reviewed,,
Big Starr Street Community Garden,226 Starr Street,New Haven,6511,"226 Starr Street, New Haven, CT 06511",Gather,https://gathernewhaven.org/our-programs/community-gardens/,"Gather New Haven supports community gardens throughout New Haven that are cared for by neighborhood leaders and volunteers. The gardens grow food, host free public gatherings, and build community ties.",Not Found,https://gathernewhaven.org/our-programs/community-gardens/,No - operator umbrella page,226 Starr Street,New Haven,"226 Starr Street, New Haven, CT 06511",226 Starr Street,New Haven,"226 Starr Street, New Haven, CT 06511",41.3278969,-72.9305703,Previously Geocoded / Not Reviewed,,
Little Starr Community Garden,162 Starr Street,New Haven,6511,"162 Starr Street, New Haven, CT 06511",Gather,https://gathernewhaven.org/our-programs/community-gardens/,"Gather New Haven supports community gardens throughout New Haven that are cared for by neighborhood leaders and volunteers. The gardens grow food, host free public gatherings, and build community ties.",Not Found,https://gathernewhaven.org/our-programs/community-gardens/,No - operator umbrella page,162 Starr Street,New Haven,"162 Starr Street, New Haven, CT 06511",162 Starr Street,New Haven,"162 Starr Street, New Haven, CT 06511",41.3273927,-72.9282865,Previously Geocoded / Not Reviewed,,
Shepard Street Community Garden,16 Shepard Street,New Haven,6511,"16 Shepard Street, New Haven, CT 06511",Gather,https://gathernewhaven.org/our-programs/community-gardens/,"Gather New Haven supports community gardens throughout New Haven that are cared for by neighborhood leaders and volunteers. The gardens grow food, host free public gatherings, and build community ties.",Not Found,https://gathernewhaven.org/our-programs/community-gardens/,No - operator umbrella page,16 Shepard Street,New Haven,"16 Shepard Street, New Haven, CT 06511",16 Shepard Street,New Haven,"16 Shepard Street, New Haven, CT 06511",41.3318205,-72.9292551,Previously Geocoded / Not Reviewed,,
Cherry Ann Community Garden,173 Cherry Ann Street,New Haven,6514,"173 Cherry Ann Street, New Haven, CT 06514",Gather,https://gathernewhaven.org/our-programs/community-gardens/,"Gather New Haven supports community gardens throughout New Haven that are cared for by neighborhood leaders and volunteers. The gardens grow food, host free public gatherings, and build community ties.",Not Found,https://gathernewhaven.org/our-programs/community-gardens/,No - operator umbrella page,173 Cherry Ann Street,New Haven,"173 Cherry Ann Street, New Haven, CT 06514",173 Cherry Ann Street,New Haven,"173 Cherry Ann Street, New Haven, CT 06514",41.3356386,-72.9407066,Previously Geocoded / Not Reviewed,,
Prescott Bush Community Garden,220 County Street,New Haven,6511,"220 County Street, New Haven, CT 06511",Gather,https://gathernewhaven.org/our-programs/community-gardens/,"Gather New Haven supports community gardens throughout New Haven that are cared for by neighborhood leaders and volunteers. The gardens grow food, host free public gatherings, and build community ties.",Not Found,https://gathernewhaven.org/our-programs/community-gardens/,No - operator umbrella page,220 County Street,New Haven,"220 County Street, New Haven, CT 06511",220 County Street,New Haven,"220 County Street, New Haven, CT 06511",41.3218951,-72.9375207,Previously Geocoded / Not Reviewed,,
Mansfield Community Garden,191 Mansfield Street,New Haven,6511,"191 Mansfield Street, New Haven, CT 06511",Gather,https://gathernewhaven.org/our-programs/community-gardens/,"Gather New Haven supports community gardens throughout New Haven that are cared for by neighborhood leaders and volunteers. The gardens grow food, host free public gatherings, and build community ties.",Not Found,https://gathernewhaven.org/our-programs/community-gardens/,No - operator umbrella page,191 Mansfield Street,New Haven,"191 Mansfield Street, New Haven, CT 06511",191 Mansfield Street,New Haven,"191 Mansfield Street, New Haven, CT 06511",41.3204617,-72.9256278,Previously Geocoded / Not Reviewed,,
English Street Community Garden,220 English Street,New Haven,6513,"220 English Street, New Haven, CT 06513",Gather,https://gathernewhaven.org/our-programs/community-gardens/,"Gather New Haven supports community gardens throughout New Haven that are cared for by neighborhood leaders and volunteers. The gardens grow food, host free public gatherings, and build community ties.",Not Found,https://gathernewhaven.org/our-programs/community-gardens/,No - operator umbrella page,220 English Street,New Haven,"220 English Street, New Haven, CT 06513",220 English Street,New Haven,"220 English Street, New Haven, CT 06513",41.3165125,-72.8964221,Previously Geocoded / Not Reviewed,,
LEAP Commnity Garden,31 Jefferson Street,New Haven,6511,"31 Jefferson Street, New Haven, CT 06511",Gather,https://gathernewhaven.org/our-programs/community-gardens/,"Gather New Haven supports community gardens throughout New Haven that are cared for by neighborhood leaders and volunteers. The gardens grow food, host free public gatherings, and build community ties.",Not Found,https://gathernewhaven.org/our-programs/community-gardens/,No - operator umbrella page,31 Jefferson Street,New Haven,"31 Jefferson Street, New Haven, CT 06511",31 Jefferson Street,New Haven,"31 Jefferson Street, New Haven, CT 06511",41.3071211,-72.9160427,Previously Geocoded / Not Reviewed,,
Bethesda Community Garden,305 Ronan Street,New Haven,6511,"305 Ronan Street, New Haven, CT 06511",Gather,https://gathernewhaven.org/our-programs/community-gardens/,"Gather New Haven supports community gardens throughout New Haven that are cared for by neighborhood leaders and volunteers. The gardens grow food, host free public gatherings, and build community ties.",Not Found,https://gathernewhaven.org/our-programs/community-gardens/,No - operator umbrella page,305 Ronan Street,New Haven,"305 Ronan Street, New Haven, CT 06511",305 Ronan Street,New Haven,"305 Ronan Street, New Haven, CT 06511",41.3233859,-72.9187693,Previously Geocoded / Not Reviewed,,
Armstrong Court Community Garden,Armstrong Court,Greenwich,6830,"Armstrong Court, Greenwich, CT 06830",Unknown,https://greenwichcommunitygardens.org/,Greenwich Community Gardens is a nonprofit that creates organic community gardening opportunities and supports sustainable food culture. Its website identifies Armstrong Court Community Garden and Bible Street Community Garden as Greenwich community gardens.,Not Found,https://greenwichcommunitygardens.org/,No - source mentions the listed gardens,Armstrong Court,Greenwich,"Armstrong Court, Greenwich, CT 06830",Armstrong Court,Greenwich,"Armstrong Court, Greenwich, CT 06830",41.0123577,-73.6437979,Previously Geocoded / Not Reviewed,,
Bible Street Community Garden,129 Bible Street,Cos Cob,6807,"129 Bible Street, Cos Cob, CT 06807",Unknown,https://greenwichcommunitygardens.org/,Greenwich Community Gardens is a nonprofit that creates organic community gardening opportunities and supports sustainable food culture. Its website identifies Armstrong Court Community Garden and Bible Street Community Garden as Greenwich community gardens.,Not Found,https://greenwichcommunitygardens.org/,No - source mentions the listed gardens,129 Bible Street,Cos Cob,"129 Bible Street, Cos Cob, CT 06807",129 Bible Street,Cos Cob,"129 Bible Street, Cos Cob, CT 06807",41.055483,-73.5961745,Previously Geocoded / Not Reviewed,,
Norwalk Community Garden,328 Flax Hill Road,Norwalk,6854,"328 Flax Hill Road, Norwalk, CT 06854",Unknown,Not Found,Not Found,Not Found,Not Found,Review - no verified public source found,328 Flax Hill Road,Norwalk,"328 Flax Hill Road, Norwalk, CT 06854",328 Flax Hill Road,Norwalk,"328 Flax Hill Road, Norwalk, CT 06854",41.093017,-73.434321,Previously Geocoded / Not Reviewed,,
New Canaan Nature Center Community Garden,144 Oenoke Ridge,New Canaan,6840,"144 Oenoke Ridge, New Canaan, CT 06840",Unknown,https://newcanaannature.org/community-garden/,"New Canaan Nature Center offers community garden plots where local residents can tend land, learn together, and share an appreciation of gardening.",Not Found,https://newcanaannature.org/community-garden/,No - garden-specific page,144 Oenoke Ridge,New Canaan,"144 Oenoke Ridge, New Canaan, CT 06840",144 Oenoke Ridge,New Canaan,"144 Oenoke Ridge, New Canaan, CT 06840",41.1533927,-73.4992824,Previously Geocoded / Not Reviewed,,
Westport Community Garden,13 Hyde Lane,Westport,6880,"13 Hyde Lane, Westport, CT 06880",Unknown,https://www.westportcommunitygardens.org/,"Westport Community Gardens is a community garden organization in Westport focused on gardening, food growing, and local community activity. Its public site includes garden information, news, photos, and member resources.",Not Found,https://www.westportcommunitygardens.org/,No - garden-specific website,13 Hyde Lane,Westport,"13 Hyde Lane, Westport, CT 06880",13 Hyde Lane,Westport,"13 Hyde Lane, Westport, CT 06880",41.1438162,-73.3172318,Previously Geocoded / Not Reviewed,,
Batz Community Garden,97 Shenpit Street,Ellington,6029,"97 Shenpit Street, Ellington, CT 06029",Unknown,Not Found,Not Found,Not Found,Not Found,Review - no verified public source found,97 Shenpit Street,Ellington,"97 Shenpit Street, Ellington, CT 06029",97 Shenipsit Street,Ellington,"97 Shenipsit Street, Ellington, CT 06029",41.8814521,-72.4403299,Geocoded,https://nominatim.openstreetmap.org/search?q=97+Shenipsit+Street%2C+Ellington%2C+CT+06029&format=jsonv2&limit=3&countrycodes=us,Corrected street spelling from Shenpit to Shenipsit; Nominatim returned an exact house result.
Ferry Street Garden,23-27 Ferry Street,Middletown,6457,"23-27 Ferry Street, Middletown, CT 06457",Unknown,Not Found,Not Found,Not Found,Not Found,Review - no verified public source found,23-27 Ferry Street,Middletown,"23-27 Ferry Street, Middletown, CT 06457",23-27 Ferry Street,Middletown,"23-27 Ferry Street, Middletown, CT 06457",41.563974,-72.6504226,Previously Geocoded / Not Reviewed,,
Common Grounds Rotary Club Community Garden,299 Elm Street,Enfield,6082,"299 Elm Street, Enfield, CT 06082",Unknown,Not Found,Not Found,Not Found,Not Found,Review - no verified public source found,299 Elm Street,Enfield,"299 Elm Street, Enfield, CT 06082",299 Elm Street,Enfield,"299 Elm Street, Enfield, CT 06082",41.9964271,-72.5534659,Previously Geocoded / Not Reviewed,,
Killingly Community Garden,76 Westfield Avenue,Killingly,6239,"76 Westfield Avenue, Killingly, CT 06239",Unknown,Not Found,Not Found,Not Found,Not Found,Review - no verified public source found,76 Westfield Avenue,Killingly,"76 Westfield Avenue, Killingly, CT 06239",76 Westfield Avenue,Killingly,"76 Westfield Avenue, Killingly, CT 06239",41.813355,-71.8805861,Previously Geocoded / Not Reviewed,,
Woodbury Commnity Garden,1131 Main Street,Woodbury,6798,"1131 Main Street, Woodbury, CT 06798",Unknown,Not Found,Not Found,Not Found,Not Found,Review - no verified public source found,1131 Main Street,Woodbury,"1131 Main Street, Woodbury, CT 06798",1131 Main Street,Woodbury,"1131 Main Street, Woodbury, CT 06798",41.5113559,-73.2036896,Previously Geocoded / Not Reviewed,,
Mercer Street Garden,55 Mercer Street,New London,6320,"55 Mercer Street, New London, CT 06320",Unknown,Not Found,Not Found,Not Found,Not Found,Review - no verified public source found,55 Mercer Street,New London,"55 Mercer Street, New London, CT 06320",55 Mercer Street,New London,"55 Mercer Street, New London, CT 06320",41.3568703,-72.1046198,Previously Geocoded / Not Reviewed,,
McDonald Park,1 McDonald Street,New London,6320,"1 McDonald Street, New London, CT 06320",Unknown,Not Found,Not Found,Not Found,Not Found,Review - no verified public source found,1 McDonald Street,New London,"1 McDonald Street, New London, CT 06320",1 McDonald Street,New London,"1 McDonald Street, New London, CT 06320",41.352009,-72.108857,Previously Geocoded / Not Reviewed,,
Ledyard Street Garden,198 Ledyard Street,New London,6320,"198 Ledyard Street, New London, CT 06320",Unknown,Not Found,Not Found,Not Found,Not Found,Review - no verified public source found,198 Ledyard Street,New London,"198 Ledyard Street, New London, CT 06320",198 Ledyard Street,New London,"198 Ledyard Street, New London, CT 06320",41.362841,-72.1102079,Previously Geocoded / Not Reviewed,,
East Lyme Giving Garden,4 Church Lane,East Lyme,6333,"4 Church Lane, East Lyme, CT 06333",Unknown,Not Found,Not Found,Not Found,Not Found,Review - no verified public source found,4 Church Lane,East Lyme,"4 Church Lane, East Lyme, CT 06333",4 Church Lane,East Lyme,"4 Church Lane, East Lyme, CT 06333",41.3657575,-72.2147234,Previously Geocoded / Not Reviewed,,
Colchester Giving Garden,Norwich Ave,Colchester,6415,"Norwich Ave, Colchester, CT 06415",Unknown,Not Found,Not Found,Not Found,Not Found,Review - no verified public source found,Norwich Ave,Colchester,"Norwich Ave, Colchester, CT 06415",Norwich Ave,Colchester,"Norwich Ave, Colchester, CT 06415",41.5746033,-72.2798762,Previously Geocoded / Not Reviewed,,
Groton Community Garden,2 Fort Hill Road,Groton,6340,"2 Fort Hill Road, Groton, CT 06340",Unknown,Not Found,Not Found,Not Found,Not Found,Review - no verified public source found,2 Fort Hill Road,Groton,"2 Fort Hill Road, Groton, CT 06340",2 Fort Hill Road,Groton,"2 Fort Hill Road, Groton, CT 06340",41.3474875,-72.0373244,Previously Geocoded / Not Reviewed,,
Noank Community Garden,42 Smith Lane,Groton,6340,"42 Smith Lane, Groton, CT 06340",Unknown,Not Found,Not Found,Not Found,Not Found,Review - no verified public source found,42 Smith Lane,Groton,"42 Smith Lane, Groton, CT 06340",42 Smith Lane,Groton,"42 Smith Lane, Groton, CT 06340",41.3269747,-71.9947448,Previously Geocoded / Not Reviewed,,
Urban Fresh,48 Hawkins Street,Waterbury,6704,"48 Hawkins Street, Waterbury, CT 06704",Unknown,Not Found,Not Found,Not Found,Not Found,Review - no verified public source found,48 Hawkins Street,Waterbury,"48 Hawkins Street, Waterbury, CT 06704",48 Hawkins Street,Waterbury,"48 Hawkins Street, Waterbury, CT 06704",41.5611319,-73.0377348,Previously Geocoded / Not Reviewed,,
Love and Care Community Garden,45 Burton Street,Waterbury,6704,"45 Burton Street, Waterbury, CT 06704",Unknown,Not Found,Not Found,Not Found,Not Found,Review - no verified public source found,45 Burton Street,Waterbury,"45 Burton Street, Waterbury, CT 06704",45 Burton Street,Waterbury,"45 Burton Street, Waterbury, CT 06704",41.5625267,-73.034231,Previously Geocoded / Not Reviewed,,
Brass City Harvest Community Garden,359 Mill Street,Waterbury,6706,"359 Mill Street, Waterbury, CT 06706",Unknown,Not Found,Not Found,Not Found,Not Found,Review - no verified current public page found,359 Mill Street,Waterbury,"359 Mill Street, Waterbury, CT 06706",359 Mill Street,Waterbury,"359 Mill Street, Waterbury, CT 06706",41.5474266,-73.0359665,Previously Geocoded / Not Reviewed,,
Kolp Community Garden,108 Meadow Road,Farmington,6032,"108 Meadow Road, Farmington, CT 06032",Unknown,Not Found,Not Found,Not Found,Not Found,Review - no verified public source found,108 Meadow Road,Farmington,"108 Meadow Road, Farmington, CT 06032",108 Meadow Road,Farmington,"108 Meadow Road, Farmington, CT 06032",41.720794,-72.8628699,Previously Geocoded / Not Reviewed,,
Bowman Community Garden,88 East Albert Street,Torrington,6790,"88 East Albert Street, Torrington, CT 06790",Unknown,Not Found,Not Found,Not Found,Not Found,Review - no verified public source found,88 East Albert Street,Torrington,"88 East Albert Street, Torrington, CT 06790",88 East Albert Street,Torrington,"88 East Albert Street, Torrington, CT 06790",41.7950074,-73.1180201,Previously Geocoded / Not Reviewed,,
Bristol Community Garden,240 Stafford Avenue,Bristol,6010,"240 Stafford Avenue, Bristol, CT 06010",Unknown,Not Found,Not Found,Not Found,Not Found,Review - no verified public source found,240 Stafford Avenue,Bristol,"240 Stafford Avenue, Bristol, CT 06010",240 Stafford Avenue,Bristol,"240 Stafford Avenue, Bristol, CT 06010",41.6837495,-72.9008327,Previously Geocoded / Not Reviewed,,
Brookfield Lions' Club Community Garden,26-28 Obtuse Hill Road,Brookfield,6804,"26-28 Obtuse Hill Road, Brookfield, CT 06804",Unknown,Not Found,Not Found,Not Found,Not Found,Review - no verified public source found,26-28 Obtuse Hill Road,Brookfield,"26-28 Obtuse Hill Road, Brookfield, CT 06804",26-28 Obtuse Hill Road,Brookfield,"26-28 Obtuse Hill Road, Brookfield, CT 06804",41.4712742,-73.3675694,Previously Geocoded / Not Reviewed,,
Benson Crump Memorial Community Gardens,70 West River Street,Milford,6460,"70 West River Street, Milford , CT 06460",Unknown,Not Found,Not Found,Not Found,Not Found,Review - no verified public source found,70 West River Street,Milford,"70 West River Street, Milford , CT 06460",70 West River Street,Milford,"70 West River Street, Milford , CT 06460",41.2252871,-73.0577119,Previously Geocoded / Not Reviewed,,
Cherry Lawn Community,120 Brookside Road,Darien,6820,"120 Brookside Road, Darien , CT 06820",Unknown,Not Found,Not Found,Not Found,Not Found,Review - no verified public source found,120 Brookside Road,Darien,"120 Brookside Road, Darien , CT 06820",120 Brookside Road,Darien,"120 Brookside Road, Darien , CT 06820",41.0896588,-73.4659795,Previously Geocoded / Not Reviewed,,
Fairgate Farms Community Garden,129 Stillwater Avenue,Stamford,6902,"129 Stillwater Avenue, Stamford, CT 06902",Unknown,https://fairgatefarm.com/,"Fairgate Farm grows nutritious produce to fight food insecurity and support a healthier local food system in Stamford. The farm offers fresh food access, volunteer opportunities, education, and community programs.",https://fairgatefarm.com/wp-content/uploads/2019/03/FGF-logo.png,https://fairgatefarm.com/,No - site-specific website,129 Stillwater Avenue,Stamford,"129 Stillwater Avenue, Stamford, CT 06902",129 Stillwater Avenue,Stamford,"129 Stillwater Avenue, Stamford, CT 06902",41.0523074,-73.5511952,Previously Geocoded / Not Reviewed,,
New Brittan Community Garden,145 Chapman Street,New Britain,6051,"145 Chapman Street, New Brittan, CT 06051",Unknown,Not Found,Not Found,Not Found,Not Found,Review - no verified public source found,145 Chapman Street,New Britain,"145 Chapman Street, New Brittan, CT 06051",145 Chapman Street,New Britain,"145 Chapman Street, New Britain, CT 06051",41.6669406,-72.7600585,Geocoded,https://nominatim.openstreetmap.org/search?q=145+Chapman+Street%2C+New+Britain%2C+CT+06051&format=jsonv2&limit=3&countrycodes=us,Corrected city spelling from New Brittan to New Britain; Nominatim returned an exact house result.
New Brittan Community Garden,20-24 Lawlor Street,New Britain,6051,"20-24 Lawlor Street, New Brittan, CT 06051",Unknown,Not Found,Not Found,Not Found,Not Found,Review - no verified public source found,20-24 Lawlor Street,New Britain,"20-24 Lawlor Street, New Brittan, CT 06051",20-24 Lawlor Street,New Britain,"20-24 Lawlor Street, New Britain, CT 06051",41.674317,-72.7790628,Geocoded,https://nominatim.openstreetmap.org/search?q=20+Lawlor+Street%2C+New+Britain%2C+CT+06051&format=jsonv2&limit=3&countrycodes=us,Corrected city spelling from New Brittan to New Britain. Geocoded to 20 Lawlor Street because Nominatim returned an exact result for the start of the address range.
Our House Meriden,17 North Street,Meriden,6451,"17 North Street, Meriden, CT 06451",Unknown,Not Found,Not Found,Not Found,Not Found,Review - no verified public source found,17 North Street,Meriden,"17 North Street, Meriden, CT 06451",17 North Street,Meriden,"17 North Street, Meriden, CT 06451",41.5420741,-72.8083832,Previously Geocoded / Not Reviewed,,
Gatison Park,4 4th Street,Ansonia,6401,"4 4th Street , Ansonia, CT 06401",Unknown,Not Found,Not Found,Not Found,Not Found,Review - no verified public source found,4 4th Street,Ansonia,"4 4th Street , Ansonia, CT 06401",4 4th Street,Ansonia,"4 4th Street , Ansonia, CT 06401",41.3532822,-73.0844795,Previously Geocoded / Not Reviewed,,
Pine Lot,28 Howard Street,Ansonia,6401,"28 Howard Street, Ansonia, CT 06401",Unknown,Not Found,Not Found,Not Found,Not Found,Review - no verified public source found,28 Howard Street,Ansonia,"28 Howard Street, Ansonia, CT 06401",28 Howard Street,Ansonia,"28 Howard Street, Ansonia, CT 06401",41.3437322,-73.0854453,Previously Geocoded / Not Reviewed,,
Salvation Army Garden,26 Lester Street,Ansonia,6401,"26 Lester Street, Ansonia, CT 06401",Unknown,Not Found,Not Found,Not Found,Not Found,Review - no verified public source found,26 Lester Street,Ansonia,"26 Lester Street, Ansonia, CT 06401",26 Lester Street,Ansonia,"26 Lester Street, Ansonia, CT 06401",41.3440068,-73.082906,Previously Geocoded / Not Reviewed,,
Irving School,9 Garden Place,Derby,6418,"9 Garden Place, Derby, CT 06418",Unknown,Not Found,Not Found,Not Found,Not Found,Review - no verified public source found,9 Garden Place,Derby,"9 Garden Place, Derby, CT 06418",9 Garden Place,Derby,"9 Garden Place, Derby, CT 06418",41.3270869,-73.0878792,Previously Geocoded / Not Reviewed,,
Derby Library,313 Elizabeth Street,Derby,6418,"313 Elizabeth Street, Derby, CT 06418",Unknown,Not Found,Not Found,Not Found,Not Found,Review - no verified public source found,313 Elizabeth Street,Derby,"313 Elizabeth Street, Derby, CT 06418",313 Elizabeth Street,Derby,"313 Elizabeth Street, Derby, CT 06418",41.3266252,-73.0888379,Previously Geocoded / Not Reviewed,,
Griffin Hospital,130 Division Street,Derby,6418,"130 Division Street, Derby , CT 06418",Unknown,Not Found,Not Found,Not Found,Not Found,Review - no verified public source found,130 Division Street,Derby,"130 Division Street, Derby , CT 06418",130 Division Street,Derby,"130 Division Street, Derby , CT 06418",41.3364349,-73.0905123,Previously Geocoded / Not Reviewed,,
Beaver Brook,96 Central Street,Ansonia,6401,"96 Central Street, Ansonia, CT 06401",Unknown,Not Found,Not Found,Not Found,Not Found,Review - no verified public source found,96 Central Street,Ansonia,"96 Central Street, Ansonia, CT 06401",96 Central Street,Ansonia,"96 Central Street, Ansonia, CT 06401",41.3398521,-73.0741711,Previously Geocoded / Not Reviewed,,
Immanuel Church,25 Great Hill Road,Oxford,6478,"25 Great Hill Road, Oxford, CT 06478",Unknown,Not Found,Not Found,Not Found,Not Found,Review - no verified public source found,25 Great Hill Road,Oxford,"25 Great Hill Road, Oxford, CT 06478",25 Great Hill Road,Oxford,"25 Great Hill Road, Oxford, CT 06478",41.4032823,-73.0949893,Previously Geocoded / Not Reviewed,,
Good Shepherd Church,182 Corman,Shelton,6484,"182 Corman, Shelton, CT 06484",Unknown,Not Found,Not Found,Not Found,Not Found,Review - no verified public source found,182 Corman,Shelton,"182 Corman, Shelton, CT 06484",182 Coram Avenue,Shelton,"182 Coram Avenue, Shelton, CT 06484",41.3112081,-73.0896434,Geocoded,https://nominatim.openstreetmap.org/search?q=182+Coram+Avenue%2C+Shelton%2C+CT+06484&format=jsonv2&limit=3&countrycodes=us,Corrected incomplete street name from Corman to Coram Avenue; Nominatim returned an exact house result.
Seymour Commnity Center,20 Pine Street,Seymour,6483,"20 Pine Street, Seymour, CT 06483",Unknown,Not Found,Not Found,Not Found,Not Found,Review - no verified public source found,20 Pine Street,Seymour,"20 Pine Street, Seymour, CT 06483",20 Pine Street,Seymour,"20 Pine Street, Seymour, CT 06483",41.3911265,-73.0753745,Previously Geocoded / Not Reviewed,,
Trinity Church,91 Church Street,Seymour,6483,"91 Church Street, Seymour, CT 06483",Unknown,Not Found,Not Found,Not Found,Not Found,Review - no verified public source found,91 Church Street,Seymour,"91 Church Street, Seymour, CT 06483",91 Church Street,Seymour,"91 Church Street, Seymour, CT 06483",41.3948955,-73.0787992,Previously Geocoded / Not Reviewed,,
Not Found,15 San Vincenzo Pl,Norwalk,6854,"15 San Vincenzo Pl, Norwalk, CT 06854",Unknown,Not Found,Not Found,Not Found,Not Found,Review - no verified public source found,15 San Vincenzo Pl,Norwalk,"15 San Vincenzo Pl, Norwalk, CT 06854",15 San Vincenzo Pl,Norwalk,"15 San Vincenzo Pl, Norwalk, CT 06854",41.0885957,-73.4225539,Previously Geocoded / Not Reviewed,,
